qri_update_time,collected_at,trading_day,last_trading_day,contract,option_type,strike,settlement,open_interest,volume,ask_iv,bid_iv,ask_price,ask_quantity,bid_price,bid_quantity,iv,change,change_percent,last_price,trade_time
2026/09/01 16:46,2026-09-01T17:01:17+09:00,2026/09/02,2026/09/10,2026-09,CALL,67375,550,,,,,,,,,,,,,
2026/09/01 16:46,2026-09-01T17:01:17+09:00,2026/09/02,2026/09/10,2026-09,PUT,67375,1775,,,,,,,,,,,,,
2026/09/01 16:46,2026-09-01T17:01:17+09:00,2026/09/02,2026/09/10,2026-09,CALL,67250,590,,,,4.63,,,3,20,,,,,
2026/09/01 16:46,2026-09-01T17:01:17+09:00,2026/09/02,2026/09/10,2026-09,PUT,67250,1690,,,,,,,3,10,,,,,
2026/09/01 16:46,2026-09-01T17:01:17+09:00,2026/09/02,2026/09/10,2026-09,CALL,67125,640,,,,,,,,,,,,,
2026/09/01 16:46,2026-09-01T17:01:17+09:00,2026/09/02,2026/09/10,2026-09,PUT,67125,1610,,,,,,,,,,,,,
2026/09/01 16:46,2026-09-01T17:01:17+09:00,2026/09/02,2026/09/10,2026-09,CALL,67000,730,,,31.39,17.23,1000,1,410,1,,,,,
2026/09/01 16:46,2026-09-01T17:01:17+09:00,2026/09/02,2026/09/10,2026-09,PUT,67000,1535,,,172.89,10.56,8000,1,1000,5,,,,,
2026/09/01 16:46,2026-09-01T17:01:17+09:00,2026/09/02,2026/09/10,2026-09,CALL,66875,735,,,,,,,,,,,,,
2026/09/01 16:46,2026-09-01T17:01:17+09:00,2026/09/02,2026/09/10,2026-09,PUT,66875,1455,,,,,,,,,,,,,
2026/09/01 16:46,2026-09-01T17:01:17+09:00,2026/09/02,2026/09/10,2026-09,CALL,66750,785,,,,2.76,,,3,20,,,,,
2026/09/01 16:46,2026-09-01T17:01:17+09:00,2026/09/02,2026/09/10,2026-09,PUT,66750,1385,,,,,,,3,20,,,,,
2026/09/01 16:46,2026-09-01T17:01:17+09:00,2026/09/02,2026/09/10,2026-09,CALL,66625,840,,,82.27,,3375,1,,,,,,,
2026/09/01 16:46,2026-09-01T17:01:17+09:00,2026/09/02,2026/09/10,2026-09,PUT,66625,1315,,,,,,,1,3,,,,,
2026/09/01 16:46,2026-09-01T17:01:17+09:00,2026/09/02,2026/09/10,2026-09,CALL,66500,895,,,,1.76,,,3,20,,,,,
2026/09/01 16:46,2026-09-01T17:01:17+09:00,2026/09/02,2026/09/10,2026-09,PUT,66500,1245,,,,,,,3,20,,,,,
2026/09/01 16:46,2026-09-01T17:01:17+09:00,2026/09/02,2026/09/10,2026-09,CALL,66375,965,,,,,,,,,,,,,
2026/09/01 16:46,2026-09-01T17:01:17+09:00,2026/09/02,2026/09/10,2026-09,PUT,66375,1190,,,,,,,,,,,,,
2026/09/01 16:46,2026-09-01T17:01:17+09:00,2026/09/02,2026/09/10,2026-09,CALL,66250,1030,,,,0.62,,,3,20,,,,,
2026/09/01 16:46,2026-09-01T17:01:17+09:00,2026/09/02,2026/09/10,2026-09,PUT,66250,1130,,,,,,,3,20,,,,,
2026/09/01 16:46,2026-09-01T17:01:17+09:00,2026/09/02,2026/09/10,2026-09,CALL,66125,1095,,,,,,,,,,,,,
2026/09/01 16:46,2026-09-01T17:01:17+09:00,2026/09/02,2026/09/10,2026-09,PUT,66125,1070,,,,,,,,,,,,,
2026/09/01 16:46,2026-09-01T17:01:17+09:00,2026/09/02,2026/09/10,2026-09,CALL,66000,1155,,,32.52,19.43,1500,1,930,1,,,,,
2026/09/01 16:46,2026-09-01T17:01:17+09:00,2026/09/02,2026/09/10,2026-09,PUT,66000,1000,,,,21.39,,,855,1,,,,,
2026/09/01 16:46,2026-09-01T17:01:17+09:00,2026/09/02,2026/09/10,2026-09,CALL,65875,1225,,,,,,,,,,,,,
2026/09/01 16:46,2026-09-01T17:01:17+09:00,2026/09/02,2026/09/10,2026-09,PUT,65875,950,,,,,,,,,,,,,
2026/09/01 16:46,2026-09-01T17:01:17+09:00,2026/09/02,2026/09/10,2026-09,CALL,65750,1300,,,,,,,3,20,,,,,
2026/09/01 16:46,2026-09-01T17:01:17+09:00,2026/09/02,2026/09/10,2026-09,PUT,65750,900,,,,2.06,,,3,20,,,,,
2026/09/01 16:46,2026-09-01T17:01:17+09:00,2026/09/02,2026/09/10,2026-09,CALL,65625,1370,,,,,,,,,,,,,
2026/09/01 16:46,2026-09-01T17:01:17+09:00,2026/09/02,2026/09/10,2026-09,PUT,65625,845,,,,,,,,,,,,,
2026/09/01 16:46,2026-09-01T17:01:17+09:00,2026/09/02,2026/09/10,2026-09,CALL,65500,1445,,,,,,,3,20,,,,,
2026/09/01 16:46,2026-09-01T17:01:17+09:00,2026/09/02,2026/09/10,2026-09,PUT,65500,765,,,,3.06,,,3,20,,,,,
2026/09/01 16:46,2026-09-01T17:01:17+09:00,2026/09/02,2026/09/10,2026-09,CALL,65375,1530,,,,,,,,,,,,,
2026/09/01 16:46,2026-09-01T17:01:17+09:00,2026/09/02,2026/09/10,2026-09,PUT,65375,755,,,,,,,,,,,,,
2026/09/01 16:46,2026-09-01T17:01:17+09:00,2026/09/02,2026/09/10,2026-09,CALL,65250,1610,,,,,,,3,20,,,,,
2026/09/01 16:46,2026-09-01T17:01:17+09:00,2026/09/02,2026/09/10,2026-09,PUT,65250,710,,,,4.03,,,3,20,,,,,
2026/09/01 16:46,2026-09-01T17:01:17+09:00,2026/09/02,2026/09/10,2026-09,CALL,65125,1700,,,,,,,,,,,,,
2026/09/01 16:46,2026-09-01T17:01:17+09:00,2026/09/02,2026/09/10,2026-09,PUT,65125,675,,,,,,,,,,,,,
2026/09/01 16:46,2026-09-01T17:01:17+09:00,2026/09/02,2026/09/10,2026-09,CALL,65000,1775,,,,,,,3,20,,,,,
2026/09/01 16:46,2026-09-01T17:01:17+09:00,2026/09/02,2026/09/10,2026-09,PUT,65000,625,,,,4.96,,,3,20,,,,,
2026/09/01 16:46,2026-09-01T17:01:17+09:00,2026/09/02,2026/09/10,2026-09,CALL,64875,1870,,,,,,,,,,,,,
2026/09/01 16:46,2026-09-01T17:01:17+09:00,2026/09/02,2026/09/10,2026-09,PUT,64875,595,,,,,,,,,,,,,
2026/09/01 16:46,2026-09-01T17:01:17+09:00,2026/09/02,2026/10/08,2026-10,CALL,67125,1355,,,,,,,,,,,,,
2026/09/01 16:46,2026-09-01T17:01:17+09:00,2026/09/02,2026/10/08,2026-10,PUT,67125,2660,,,,,,,,,,,,,
2026/09/01 16:46,2026-09-01T17:01:17+09:00,2026/09/02,2026/10/08,2026-10,CALL,67000,1415,,,,2.22,,,1,21,,,,,
2026/09/01 16:46,2026-09-01T17:01:17+09:00,2026/09/02,2026/10/08,2026-10,PUT,67000,2595,,,,,,,,,,,,,
2026/09/01 16:46,2026-09-01T17:01:17+09:00,2026/09/02,2026/10/08,2026-10,CALL,66875,1470,,,,,,,,,,,,,
2026/09/01 16:46,2026-09-01T17:01:17+09:00,2026/09/02,2026/10/08,2026-10,PUT,66875,2525,,,,,,,,,,,,,
2026/09/01 16:46,2026-09-01T17:01:17+09:00,2026/09/02,2026/10/08,2026-10,CALL,66750,1515,,,,1.8,,,1,18,,,,,
2026/09/01 16:46,2026-09-01T17:01:17+09:00,2026/09/02,2026/10/08,2026-10,PUT,66750,2440,,,,,,,,,,,,,
2026/09/01 16:46,2026-09-01T17:01:17+09:00,2026/09/02,2026/10/08,2026-10,CALL,66625,1575,,,,,,,,,,,,,
2026/09/01 16:46,2026-09-01T17:01:17+09:00,2026/09/02,2026/10/08,2026-10,PUT,66625,2375,,,,,,,,,,,,,
2026/09/01 16:46,2026-09-01T17:01:17+09:00,2026/09/02,2026/10/08,2026-10,CALL,66500,1630,,,,1.37,,,1,11,,,,,
2026/09/01 16:46,2026-09-01T17:01:17+09:00,2026/09/02,2026/10/08,2026-10,PUT,66500,2305,,,,,,,,,,,,,
2026/09/01 16:46,2026-09-01T17:01:17+09:00,2026/09/02,2026/10/08,2026-10,CALL,66375,1685,,,,,,,,,,,,,
2026/09/01 16:46,2026-09-01T17:01:17+09:00,2026/09/02,2026/10/08,2026-10,PUT,66375,2240,,,,,,,,,,,,,
2026/09/01 16:46,2026-09-01T17:01:17+09:00,2026/09/02,2026/10/08,2026-10,CALL,66250,1745,,,,0.92,,,1,8,,,,,
2026/09/01 16:46,2026-09-01T17:01:17+09:00,2026/09/02,2026/10/08,2026-10,PUT,66250,2175,,,,,,,,,,,,,
2026/09/01 16:46,2026-09-01T17:01:17+09:00,2026/09/02,2026/10/08,2026-10,CALL,66125,1810,,,,,,,,,,,,,
2026/09/01 16:46,2026-09-01T17:01:17+09:00,2026/09/02,2026/10/08,2026-10,PUT,66125,2115,,,,,,,,,,,,,
2026/09/01 16:46,2026-09-01T17:01:17+09:00,2026/09/02,2026/10/08,2026-10,CALL,66000,1875,,,,,,,,,,,,,
2026/09/01 16:46,2026-09-01T17:01:17+09:00,2026/09/02,2026/10/08,2026-10,PUT,66000,2055,,,,,,,,,,,,,
2026/09/01 16:46,2026-09-01T17:01:17+09:00,2026/09/02,2026/10/08,2026-10,CALL,65875,1950,,,,,,,,,,,,,
2026/09/01 16:46,2026-09-01T17:01:17+09:00,2026/09/02,2026/10/08,2026-10,PUT,65875,1995,,,,,,,,,,,,,
2026/09/01 16:46,2026-09-01T17:01:17+09:00,2026/09/02,2026/10/08,2026-10,CALL,65750,2020,,,,,,,,,,,,,
2026/09/01 16:46,2026-09-01T17:01:17+09:00,2026/09/02,2026/10/08,2026-10,PUT,65750,1940,,,,,,,,,,,,,
2026/09/01 16:46,2026-09-01T17:01:17+09:00,2026/09/02,2026/10/08,2026-10,CALL,65625,2080,,,,,,,,,,,,,
2026/09/01 16:46,2026-09-01T17:01:17+09:00,2026/09/02,2026/10/08,2026-10,PUT,65625,1880,,,,,,,,,,,,,
2026/09/01 16:46,2026-09-01T17:01:17+09:00,2026/09/02,2026/10/08,2026-10,CALL,65500,2150,,,,,,,,,,,,,
2026/09/01 16:46,2026-09-01T17:01:17+09:00,2026/09/02,2026/10/08,2026-10,PUT,65500,1820,,,,0.72,,,1,10,,,,,
2026/09/01 16:46,2026-09-01T17:01:17+09:00,2026/09/02,2026/10/08,2026-10,CALL,65375,2225,,,,,,,,,,,,,
2026/09/01 16:46,2026-09-01T17:01:17+09:00,2026/09/02,2026/10/08,2026-10,PUT,65375,1765,,,,,,,,,,,,,
2026/09/01 16:46,2026-09-01T17:01:17+09:00,2026/09/02,2026/10/08,2026-10,CALL,65250,2290,,,,,,,,,,,,,
2026/09/01 16:46,2026-09-01T17:01:17+09:00,2026/09/02,2026/10/08,2026-10,PUT,65250,1710,,,,1.19,,,1,10,,,,,
2026/09/01 16:46,2026-09-01T17:01:17+09:00,2026/09/02,2026/10/08,2026-10,CALL,65125,2360,,,,,,,,,,,,,
2026/09/01 16:46,2026-09-01T17:01:17+09:00,2026/09/02,2026/10/08,2026-10,PUT,65125,1655,,,,,,,,,,,,,
2026/09/01 16:46,2026-09-01T17:01:17+09:00,2026/09/02,2026/10/08,2026-10,CALL,65000,2430,,,,,,,,,,,,,
2026/09/01 16:46,2026-09-01T17:01:17+09:00,2026/09/02,2026/10/08,2026-10,PUT,65000,1605,,,64.27,2.34,5000,1,10,1,,,,,
2026/09/01 16:46,2026-09-01T17:01:17+09:00,2026/09/02,2026/10/08,2026-10,CALL,64875,2505,,,,,,,,,,,,,
2026/09/01 16:46,2026-09-01T17:01:17+09:00,2026/09/02,2026/10/08,2026-10,PUT,64875,1555,,,,,,,,,,,,,
2026/09/01 16:46,2026-09-01T17:01:17+09:00,2026/09/02,2026/10/08,2026-10,CALL,64750,2590,,,,,,,,,,,,,
2026/09/01 16:46,2026-09-01T17:01:17+09:00,2026/09/02,2026/10/08,2026-10,PUT,64750,1505,,,,2.07,,,1,10,,,,,
2026/09/01 16:46,2026-09-01T17:01:17+09:00,2026/09/02,2026/10/08,2026-10,CALL,64625,2665,,,,,,,,,,,,,
2026/09/01 16:46,2026-09-01T17:01:17+09:00,2026/09/02,2026/10/08,2026-10,PUT,64625,1455,,,,,,,,,,,,,
2026/09/01 16:46,2026-09-01T17:01:17+09:00,2026/09/02,2026/12/10,2026-12,CALL,68500,2115,,,,,,,,,,,,,
2026/09/01 16:46,2026-09-01T17:01:17+09:00,2026/09/02,2026/12/10,2026-12,PUT,68500,4545,,,,,,,,,,,,,
2026/09/01 16:46,2026-09-01T17:01:17+09:00,2026/09/02,2026/12/10,2026-12,CALL,68250,2210,,,,,,,,,,,,,
2026/09/01 16:46,2026-09-01T17:01:17+09:00,2026/09/02,2026/12/10,2026-12,PUT,68250,4400,,,,,,,,,,,,,
2026/09/01 16:46,2026-09-01T17:01:17+09:00,2026/09/02,2026/12/10,2026-12,CALL,68000,2310,,,,,,,,,,,,,
2026/09/01 16:46,2026-09-01T17:01:17+09:00,2026/09/02,2026/12/10,2026-12,PUT,68000,4255,,,,,,,,,,,,,
2026/09/01 16:46,2026-09-01T17:01:17+09:00,2026/09/02,2026/12/10,2026-12,CALL,67750,2410,,,,,,,,,,,,,
2026/09/01 16:46,2026-09-01T17:01:17+09:00,2026/09/02,2026/12/10,2026-12,PUT,67750,4110,,,,,,,,,,,,,
2026/09/01 16:46,2026-09-01T17:01:17+09:00,2026/09/02,2026/12/10,2026-12,CALL,67500,2515,,,,,,,,,,,,,
2026/09/01 16:46,2026-09-01T17:01:17+09:00,2026/09/02,2026/12/10,2026-12,PUT,67500,3965,,,,,,,,,,,,,
2026/09/01 16:46,2026-09-01T17:01:17+09:00,2026/09/02,2026/12/10,2026-12,CALL,67250,2630,,,,,,,,,,,,,
2026/09/01 16:46,2026-09-01T17:01:17+09:00,2026/09/02,2026/12/10,2026-12,PUT,67250,3825,,,,,,,,,,,,,
2026/09/01 16:46,2026-09-01T17:01:17+09:00,2026/09/02,2026/12/10,2026-12,CALL,67000,2740,,,,,,,,,,,,,
2026/09/01 16:46,2026-09-01T17:01:17+09:00,2026/09/02,2026/12/10,2026-12,PUT,67000,3685,,,,,,,,,,,,,
2026/09/01 16:46,2026-09-01T17:01:17+09:00,2026/09/02,2026/12/10,2026-12,CALL,66750,2855,,,,,,,,,,,,,
2026/09/01 16:46,2026-09-01T17:01:17+09:00,2026/09/02,2026/12/10,2026-12,PUT,66750,3565,,,,,,,,,,,,,
2026/09/01 16:46,2026-09-01T17:01:17+09:00,2026/09/02,2026/12/10,2026-12,CALL,66500,2980,,,,,,,,,,,,,
2026/09/01 16:46,2026-09-01T17:01:17+09:00,2026/09/02,2026/12/10,2026-12,PUT,66500,3435,,,,,,,,,,,,,
2026/09/01 16:46,2026-09-01T17:01:17+09:00,2026/09/02,2026/12/10,2026-12,CALL,66250,3100,,,,,,,,,,,,,
2026/09/01 16:46,2026-09-01T17:01:17+09:00,2026/09/02,2026/12/10,2026-12,PUT,66250,3305,,,,,,,,,,,,,
2026/09/01 16:46,2026-09-01T17:01:17+09:00,2026/09/02,2026/12/10,2026-12,CALL,66000,3230,,,,,,,,,,,,,
2026/09/01 16:46,2026-09-01T17:01:17+09:00,2026/09/02,2026/12/10,2026-12,PUT,66000,3180,,,,,,,,,,,,,
2026/09/01 16:46,2026-09-01T17:01:17+09:00,2026/09/02,2026/12/10,2026-12,CALL,65750,3355,,,,,,,,,,,,,
2026/09/01 16:46,2026-09-01T17:01:17+09:00,2026/09/02,2026/12/10,2026-12,PUT,65750,3060,,,,,,,,,,,,,
2026/09/01 16:46,2026-09-01T17:01:17+09:00,2026/09/02,2026/12/10,2026-12,CALL,65500,3495,,,,,,,,,,,,,
2026/09/01 16:46,2026-09-01T17:01:17+09:00,2026/09/02,2026/12/10,2026-12,PUT,65500,2945,,,,,,,,,,,,,
2026/09/01 16:46,2026-09-01T17:01:17+09:00,2026/09/02,2026/12/10,2026-12,CALL,65250,3625,,,,,,,,,,,,,
2026/09/01 16:46,2026-09-01T17:01:17+09:00,2026/09/02,2026/12/10,2026-12,PUT,65250,2840,,,,,,,,,,,,,
2026/09/01 16:46,2026-09-01T17:01:17+09:00,2026/09/02,2026/12/10,2026-12,CALL,65000,3795,,,,,,,,,,,,,
2026/09/01 16:46,2026-09-01T17:01:17+09:00,2026/09/02,2026/12/10,2026-12,PUT,65000,2695,,,,,,,,,,,,,
2026/09/01 16:46,2026-09-01T17:01:17+09:00,2026/09/02,2026/12/10,2026-12,CALL,64750,3940,,,,,,,,,,,,,
2026/09/01 16:46,2026-09-01T17:01:17+09:00,2026/09/02,2026/12/10,2026-12,PUT,64750,2625,,,,,,,,,,,,,
2026/09/01 16:46,2026-09-01T17:01:17+09:00,2026/09/02,2026/12/10,2026-12,CALL,64500,4085,,,,,,,,,,,,,
2026/09/01 16:46,2026-09-01T17:01:17+09:00,2026/09/02,2026/12/10,2026-12,PUT,64500,2520,,,,,,,,,,,,,
2026/09/01 16:46,2026-09-01T17:01:17+09:00,2026/09/02,2026/12/10,2026-12,CALL,64250,4235,,,,,,,,,,,,,
2026/09/01 16:46,2026-09-01T17:01:17+09:00,2026/09/02,2026/12/10,2026-12,PUT,64250,2420,,,,,,,,,,,,,
2026/09/01 16:46,2026-09-01T17:01:17+09:00,2026/09/02,2026/12/10,2026-12,CALL,64000,4395,,,,,,,,,,,,,
2026/09/01 16:46,2026-09-01T17:01:17+09:00,2026/09/02,2026/12/10,2026-12,PUT,64000,2330,,,,,,,,,,,,,
2026/09/01 16:46,2026-09-01T17:01:17+09:00,2026/09/02,2026/12/10,2026-12,CALL,63750,4545,,,,,,,,,,,,,
2026/09/01 16:46,2026-09-01T17:01:17+09:00,2026/09/02,2026/12/10,2026-12,PUT,63750,2235,,,,,,,,,,,,,
2026/09/01 16:46,2026-09-01T17:01:17+09:00,2026/09/02,2026/12/10,2026-12,CALL,63500,4705,,,,,,,,,,,,,
2026/09/01 16:46,2026-09-01T17:01:17+09:00,2026/09/02,2026/12/10,2026-12,PUT,63500,2145,,,,,,,,,,,,,
